{"packages/cupertino_icons/assets/CupertinoIcons.ttf":["packages/cupertino_icons/assets/CupertinoIcons.ttf"],"fonts/Montserrat/Montserrat-Bold.ttf":["fonts/Montserrat/Montserrat-Bold.ttf"],"fonts/Montserrat/Montserrat-Regular.ttf":["fonts/Montserrat/Montserrat-Regular.ttf"],"imgs/finish_glitter.png":["imgs/finish_glitter.png"],"imgs/finish_matte.png":["imgs/finish_matte.png"],"imgs/finish_metallic.png":["imgs/finish_metallic.png"],"imgs/finish_satin.png":["imgs/finish_satin.png"],"imgs/finish_shimmer.png":["imgs/finish_shimmer.png"],"localization/localizations.csv":["localization/localizations.csv"]}